{
    "variables": {
        "profile": "",
        "region": "",
        "instance-type": "",
        "source-ami": "",
        "root_hd_size": "",
        "ami_name": "rhel-c7n-master-{{timestamp}}",
        "rules_repo_url": "{{env `RULES_REPO_URL`}}",
        "deployer_script_repo_url": "{{env `DEPLOYER_SCRIPT_REPO_URL`}}",
        "rules_repo_user_name": "{{env `RULES_REPO_USER_NAME`}}",
        "rules_repo_app_password": "{{env `RULES_REPO_APP_PASSWORD`}}",
        "deployer_script_repo_user_name": "{{env `DEPLOYER_SCRIPT_REPO_USER_NAME`}}",
        "deployer_script_repo_app_password": "{{env `DEPLOYER_SCRIPT_REPO_APP_PASSWORD`}}",
        "custodian_logs_bucket": "{{env `CUSTODIAN_LOGS_BUCKET`}}",
        "default_account_number": "{{env `DEFAULT_ACCOUNT_NUMBER`}}",
        "default_account_region": "{{env `DEFAULT_ACCOUNT_REGION`}}",
        "default_notifications_queue": "c7n-tf-sqs-queue",
        "local_rules_dir": "c7n-rules",
        "local_deployer_dir": "c7n-deployer",
        "c7n_install_log_file": "/var/log/c7n_install.log",
        "cloud_custodian_role": "Cloud-Custodian-Role",
        "script_dir": "/opt"



    },
    "builders": [{
        "type": "amazon-ebs",
        "profile": "{{user `profile`}}",
        "region": "{{user `region`}}",
        "source_ami": "{{user `source-ami`}}",
        "ssh_username": "ec2-user",
        "instance_type": "{{user `instance-type`}}",
        "subnet_id" : "{{user `subnet_id`}}",
        "ssh_username" : "{{user `ssh_username`}}",
        "ami_name": "{{user `ami_name`| clean_ami_name}}",

        "launch_block_device_mappings": [{
            "device_name": "/dev/sda1",
            "volume_size": "{{user `root_hd_size`}}",
            "volume_type": "gp2",
            "delete_on_termination": true
        }, {
            "device_name": "/dev/sdb",
            "volume_size": "{{user `sec_hd_size`}}",
            "volume_type": "gp2",
            "delete_on_termination": true
        }],
        "tags": {
            "Parent_AMI": "{{user `source-ami`}}",
            "ManagedBy": "Packer"
        }

    }],
    "provisioners": [

        {
            "type": "file",
            "source": "files/setup_c7n_deployer.sh",
            "destination": "/tmp/setup_c7n_deployer.sh"
        },
        {
            "type": "file",
            "source": "files/setup_c7n_rules.sh",
            "destination": "/tmp/setup_c7n_rules.sh"
        },
        {
            "type": "file",
            "source": "files/setup_cw_agent.sh",
            "destination": "/tmp/setup_cw_agent.sh"
        },
        {
            "type": "file",
            "source": "files/setup_cw_configs.sh",
            "destination": "/tmp/setup_cw_configs.sh"
        },
        {
            "type": "file",
            "source": "files/c7n_bootstrap.sh",
            "destination": "/tmp/c7n_bootstrap.sh"
        },
        {
            "type": "file",
            "source": "files/c7n_bootstrap.properties",
            "destination": "/tmp/c7n_bootstrap.properties"
        },
        {
            "type": "shell",
            "inline": ["chmod +x /tmp/setup_c7n_rules.sh",
                       "chmod +x /tmp/setup_c7n_deployer.sh",
                       "chmod +x /tmp/setup_cw_agent.sh",
                       "chmod +x /tmp/setup_cw_configs.sh",
                       "sudo cp /tmp/*.sh /opt/",
                       "sudo cp /tmp/*.properties* /opt/"
                      ]
        },
        {
            "type": "shell",
            "environment_vars": [
                "C7N_INSTALL_LOG_FILE={{user `c7n_install_log_file`}}",
                "RULES_REPO_URL={{user `rules_repo_url`}}",
                "DEPLOYER_SCRIPT_REPO_URL={{user `deployer_script_repo_url`}}",
                "RULES_REPO_USER_NAME={{user `rules_repo_user_name`}}",
                "RULES_REPO_APP_PASSWORD={{user `rules_repo_app_password`}}",
                "DEPLOYER_SCRIPT_REPO_USER_NAME={{user `deployer_script_repo_user_name`}}",
                "DEPLOYER_SCRIPT_REPO_APP_PASSWORD={{user `deployer_script_repo_app_password`}}",
                "CUSTODIAN_LOGS_BUCKET={{user `custodian_logs_bucket`}}",
                "DEFAULT_ACCOUNT_NUMBER={{user `default_account_number`}}",
                "DEFAULT_ACCOUNT_REGION={{user `default_account_region`}}",
                "LOCAL_RULES_DIR={{user `local_rules_dir`}}",
                "LOCAL_DEPLOYER_DIR={{user `local_deployer_dir`}}",
                "SCRIPT_DIR={{user `script_dir`}}",
                "BRANCH_TYPE={{user `branch_type`}}",
                "DEFAULT_NOTIFICATIONS_QUEUE={{user `default_notifications_queue`}}"

            ],
            "execute_command": "{{.Vars}} sudo -E -S bash '{{.Path}}'",
            "scripts": [
                "scripts/base.sh",
                "scripts/bootstrap.sh",
                "scripts/cleanup.sh"
            ]

        }
    ]
}
